prompt_version,example,cited_as,date,filename,line_id,occurrence_id
3,1,UNSC_2014_SPV.7105_spch0017#3,29 January 2014,SC07105-01-017.txt,SC07105-01-017#3,32ac52ba06789715e1b962abd7bd3bccf26a7ed4c530a4e6d19e99d3d5feffb9
3,2,UNSC_2005_SPV.5264_spch0022#1,20 September 2005,SC05264-01-023.txt,SC05264-01-023#1,f37551a75cb70dd5d0b651409d3d58eee036d94590d4259bb584814aa8fcc7f6
3,3,UNSC_1999_SPV.3987_spch0015#2,19 March 1999,SC03987-02-017.txt,SC03987-02-017#2,26875a932a81885dc9ce12029b47b9393bea6ec7b4faf2b4dc9e7ea4c04d6cd4
3,4,UNSC_2011_SPV.6545_spch0010#9,6 June 2011,SC06545-01-011.txt,SC06545-01-011#9,30fb2fad1cdb4d3b287d92d1e8213ad8a4b194c16408cb4091b81a2cc874c7cf
3,5,UNSC_2017_SPV.7963_spch0019#6,8 June 2017,SC07963-01-019.txt,SC07963-01-019#6,310c62bd61bd17a2be0c031100b44e56111e72d496a56a17eb57c592f93f25d5
3,6,UNSC_2001_SPV.4379Resumption1_spch0003#1,21 September 2001,SC04379-02-003.txt,SC04379-02-003#1,b9d937283c7394cae5dae98b7f9a3acbbe2bfe22c27e3a6914f3988461ac1b48
3,7,UNSC_1992_SPV.3095_spch0029#4,15 July 1992,SC03095-01-027.txt,SC03095-01-027#4,d82c27092bc5eb992d6c6db6bb082c6ae4fcff1bb96022314930bd010582a328
3,8,UNSC_1996_SPV.3692_spch0018#1,28 August 1996,SC03692-01-019.txt,SC03692-01-019#1,ec18d4d0773c0c267686d72df648617bde2757d8fed7395251aed70db789f59b
3,9,UNSC_2023_SPV.9524_spch0007#1,30 December 2023,SC09524-01-007.txt,SC09524-01-007#1,2b52f6ce7e750678f4d8cf07c7231383cadcc9083e6989b35f982bad19628322
3,10,UNSC_2004_SPV.4990_spch0011#1,14 June 2004,SC04990-01-012.txt,SC04990-01-012#1,f72ee252cfa012d0c780034c0ef910a5fafb14f986e036e9f1c6c57ac9c993d6
