occurrence_id,line_id,reviewed_line_id,reviewed_on,source
7553cb427ced16a07a8198f40801c93739d53b7e63877c0aa7f58bdde1dcc7ea,SC00211-01-007#1,SC00211-01-007#1,2026-09-10,spot review of the Qwen run's labels at its 9 September 2026 checkpoint
ce1435c1bb1b15dfa288b9da98f61a9b64ca385eb46be0714b0f1aecfadefa75,SC00211-01-007#2,SC00211-01-007#2,2026-09-10,spot review of the Qwen run's labels at its 9 September 2026 checkpoint
9e75c465012b18f04febebc1b77e42b3f61cc4273056cc3882e1e061b93e0ff5,SC00228-01-002#1,SC00228-01-002#1,2026-09-10,spot review of the Qwen run's labels at its 9 September 2026 checkpoint
487110bbe393cff493d0ec44b4df0cf6916c8786dd470b4e9dd888188bca7668,SC00232-01-005#1,SC00232-01-005#1,2026-09-10,spot review of the Qwen run's labels at its 9 September 2026 checkpoint
960604046c2afa0ef615e056d36bff120d683a260e8fc232321e991089e175bc,SC00232-01-005#2,SC00232-01-005#2,2026-09-10,spot review of the Qwen run's labels at its 9 September 2026 checkpoint
27ea0396f93d5442e7fcf502ecbbbad60094a4495e995391eaa40ec737724c6f,SC00232-01-005#3,SC00232-01-005#3,2026-09-10,spot review of the Qwen run's labels at its 9 September 2026 checkpoint
4942b862cfc9c12adbebcdbd6ec282f03fe386d998959c5cf7478510555a2307,SC00235-01-001#1,SC00235-01-001#1,2026-09-10,spot review of the Qwen run's labels at its 9 September 2026 checkpoint
cbe2c5eb7a11f36fc6ace1f5b89ba476823c9e65985bcaacb5a88bc18d09556b,SC00235-01-001#2,SC00235-01-001#2,2026-09-10,spot review of the Qwen run's labels at its 9 September 2026 checkpoint
784fe0c69ffef648bc160c38d194d17f620a98464fdbea3bff0a54b069b4043c,SC00235-01-001#3,SC00235-01-001#3,2026-09-10,spot review of the Qwen run's labels at its 9 September 2026 checkpoint
ce4639736637f909e54679d990fdcba6840584cc9ee95e9e130e3861ddb46887,SC00235-01-001#4,SC00235-01-001#4,2026-09-10,spot review of the Qwen run's labels at its 9 September 2026 checkpoint
b204d4e8ff9b5451fcd20eda0f411c59be32df2343a28eba448d2bf40bce0a29,SC00235-01-001#5,SC00235-01-001#5,2026-09-10,spot review of the Qwen run's labels at its 9 September 2026 checkpoint
f1a2315293d5bf2b75d199a7721f29e10f54547e311a2efd46aad4b7f32a698a,SC00239-01-003#1,SC00239-01-003#1,2026-09-10,spot review of the Qwen run's labels at its 9 September 2026 checkpoint
05d06c8d4230fc4140943a53ad9d59a7c9c1f7c1585602a777d9dff656231e3d,SC01174-01-002#1,SC01174-01-002#1,2026-09-10,spot review of the Qwen run's labels at its 9 September 2026 checkpoint
b0bb71d4a4462368d433a9777324c930d1c40cac01266c8ccaa9d4c242c48e02,SC01253-01-003#2,SC01253-01-003#2,2026-09-10,spot review of the Qwen run's labels at its 9 September 2026 checkpoint
9d82a921eeac4b6be60d354efab888e9bbcf9076e6f37b87cd1426a2980fbb70,SC01745-01-023#1,SC01745-01-023#1,2026-09-10,spot review of the Qwen run's labels at its 9 September 2026 checkpoint
2b96b7f7116cefc5557b3df36e72b65809459824227a9df8185a7ea0f16bdf30,SC02200-01-017#2,SC02200-01-017#2,2026-09-10,spot review of the Qwen run's labels at its 9 September 2026 checkpoint
08e63d5c5b585f3be95e3dc2ff6f5bc1e39f349518c2f618191bfbb71b9a036b,SC02293-01-023#2,SC02293-01-023#2,2026-09-10,spot review of the Qwen run's labels at its 9 September 2026 checkpoint
28a9dd85b6d2375268d74b06093017edcd4514d93e2d0b5752974d428df2d13e,SC02390-01-004#1,SC02390-01-004#1,2026-09-10,spot review of the Qwen run's labels at its 9 September 2026 checkpoint
beee0b093d269c2893b3a95a13fd5ecb2b83e7e4f0eb0dd014e86772db6e5c07,SC02740-01-009#1,SC02740-01-009#1,2026-09-10,spot review of the Qwen run's labels at its 9 September 2026 checkpoint
75b5acf352f51571bb2abe76b789d7bf8a369f0319a43c5a14d96703006df7ea,SC03136-01-012#1,SC03136-01-012#1,2026-09-10,spot review of the Qwen run's labels at its 9 September 2026 checkpoint
2a832088767ab88157c7b833203c53b379e282a18bffee184f1c195a4da77f2f,SC03200-01-018#3,SC03200-01-018#3,2026-09-10,spot review of the Qwen run's labels at its 9 September 2026 checkpoint
8407b7f65fc9fc6d508820027e976e719762c8e3263ac4c24a00a494ad3e9772,SC03247-01-039#1,SC03247-01-039#1,2026-09-10,spot review of the Qwen run's labels at its 9 September 2026 checkpoint
d4e82944eeaa1a472f63f0f08f428de9d844ae740e5b8188d364161653ad1417,SC03336-01-020#3,SC03336-01-020#3,2026-09-10,spot review of the Qwen run's labels at its 9 September 2026 checkpoint
8479837b806618b09c20fbe56bd4ef77758d31bf6086d3ebe22ca726ecdb864e,SC03367-01-008#1,SC03367-01-008#1,2026-09-10,spot review of the Qwen run's labels at its 9 September 2026 checkpoint
c178913aa98cb677f0c0a3084f560b5b1e9bbaad89a5097711fc9f836921529a,SC03454-02-003#1,SC03454-02-003#1,2026-09-10,spot review of the Qwen run's labels at its 9 September 2026 checkpoint
cbd896f0fedec5b1fc0c229a4b521c65ee6eb6c6d8f111b476426c10cd5216c2,SC03535-01-012#2,SC03535-01-012#2,2026-09-10,spot review of the Qwen run's labels at its 9 September 2026 checkpoint
28d6552798a6908cb18f670147cf4506f5acbb035fcbe931006cc93664903a3a,SC03639-01-038#5,SC03639-01-038#5,2026-09-10,spot review of the Qwen run's labels at its 9 September 2026 checkpoint
8fac80623aeb3897348c000b8f77a0b8f349cdcf75cdfb77293fe1d856af5ae9,SC03656-01-005#7,SC03656-01-005#7,2026-09-10,spot review of the Qwen run's labels at its 9 September 2026 checkpoint
8b12c5ff1b1afb5bb005aa55a399cb78cd721717a728f841009102bc80ebf818,SC03680-01-003#2,SC03680-01-003#2,2026-09-10,spot review of the Qwen run's labels at its 9 September 2026 checkpoint
4174b44968456a1cfd05506271b77eecfbc41e67fe8bddb8df3ee67380f8ce16,SC03692-01-024#4,SC03692-01-024#4,2026-09-10,spot review of the Qwen run's labels at its 9 September 2026 checkpoint
8e8589a9fa1d3c6aeb267e458209de8b7a57572d290bf3b3f398f49d6538ce24,SC03692-01-030#1,SC03692-01-030#1,2026-09-10,spot review of the Qwen run's labels at its 9 September 2026 checkpoint
fd1cbcd7340725bc0b40ca963052329ee40371341791cdea03049ae23adc12d4,SC03877-01-009#1,SC03877-01-009#1,2026-09-10,spot review of the Qwen run's labels at its 9 September 2026 checkpoint
8518c7453060cf1702425919eebef1790cf51a36434f6024de64af30b7f59484,SC03987-01-007#5,SC03987-01-007#5,2026-09-10,spot review of the Qwen run's labels at its 9 September 2026 checkpoint
11f0725249ae8580644b37bcbbd4f5f8d2b428505acda4c74187c18f4a9b7256,SC04127-01-006#1,SC04127-01-006#1,2026-09-10,spot review of the Qwen run's labels at its 9 September 2026 checkpoint
9fe49eace0da90eb6305d6d5d414044cd9e8b521d08b78bcdb2e6a8c1a363603,SC04127-01-014#2,SC04127-01-014#2,2026-09-10,spot review of the Qwen run's labels at its 9 September 2026 checkpoint
9e9121d08cbca351a2a0fcafdebe5e24b012cad4a7400d96ec5a56c8499ffca5,SC04128-01-052#2,SC04128-01-052#2,2026-09-10,spot review of the Qwen run's labels at its 9 September 2026 checkpoint
03be0d5ff147ed50100baab5d4e032aab369fa27b27c3fc7eb19b25479528748,SC04139-01-009#1,SC04139-01-009#1,2026-09-10,spot review of the Qwen run's labels at its 9 September 2026 checkpoint
3591a291cde01073f025440f03c83b133c2871aa67279fb790ff585701caeacc,SC04429-01-009#6,SC04429-01-009#5,2026-09-10,spot review of the Qwen run's labels at its 9 September 2026 checkpoint
25e6ed16d592ca1ff728c188a66421fe0d2de72fb86e4986c86b3648888d7d4e,SC04429-01-013#1,SC04429-01-013#1,2026-09-10,spot review of the Qwen run's labels at its 9 September 2026 checkpoint
1890b9c42507c714979024e1b7756c3b6b9979398ff283b90dd5b39f793b742f,SC04510-02-005#1,SC04510-02-005#1,2026-09-10,spot review of the Qwen run's labels at its 9 September 2026 checkpoint
1867d21bb734f71130d21767074bead36fad1d9562454db305f005635b34d900,SC04532-01-003#2,SC04532-01-003#2,2026-09-10,spot review of the Qwen run's labels at its 9 September 2026 checkpoint
b682c73a89ab90a0a51a0aacc7e2361016940ae7b75d9794412c8a2ec5d818cf,SC04753-02-015#2,SC04753-02-015#2,2026-09-10,spot review of the Qwen run's labels at its 9 September 2026 checkpoint
bc61270158efddf05984774ede75522b3f2679fb39683ba5532ef3f6d838a9d5,SC04772-01-017#1,SC04772-01-017#1,2026-09-10,spot review of the Qwen run's labels at its 9 September 2026 checkpoint
dd6434e2549ae3e86d2eb618b13d6519e3ed7e125cc59a556a615878599349ea,SC04838-01-027#2,SC04838-01-027#2,2026-09-10,spot review of the Qwen run's labels at its 9 September 2026 checkpoint
2de164017e978e8af63ddf66ff3ce5423c25c72982a1284ad2add62bb80205f5,SC04877-01-024#1,SC04877-01-024#1,2026-09-10,spot review of the Qwen run's labels at its 9 September 2026 checkpoint
7feeecf929bf5cadaceb561421126f094c5a17f31abc66eedcbcabce23c37936,SC05052-01-002#1,SC05052-01-002#1,2026-09-10,spot review of the Qwen run's labels at its 9 September 2026 checkpoint
1bf1ec0cd4b0b71e86e032955b66021b38a30400ac73529572482d5913a1a261,SC05052-02-038#2,SC05052-02-038#2,2026-09-10,spot review of the Qwen run's labels at its 9 September 2026 checkpoint
33c1415aeddccda29531b8224a2f303efb4f13d9211b06d91411d46b723bb67f,SC05199-01-007#4,SC05199-01-007#4,2026-09-10,spot review of the Qwen run's labels at its 9 September 2026 checkpoint
c9c35e99b9ed6760bee8f2f5eea4d151c4f213b83df288c7021dd3d1b5ff5b9b,SC05209-01-020#2,SC05209-01-020#2,2026-09-10,spot review of the Qwen run's labels at its 9 September 2026 checkpoint
c537bb1991524849d1de541125f796336f1beea11fd297aaaea3d3d4126e3013,SC05328-01-003#2,SC05328-01-003#2,2026-09-10,spot review of the Qwen run's labels at its 9 September 2026 checkpoint
57079cda0355564b6bfbf0c462b8482c492333736c993dd2fa6003b233417d95,SC05359-02-002#1,SC05359-02-002#1,2026-09-10,spot review of the Qwen run's labels at its 9 September 2026 checkpoint
1cd35702a2cae29efbfb09cd08004adcf4c2921e686530cb1b6b24c10fb4fbe0,SC05453-01-028#1,SC05453-01-028#1,2026-09-10,spot review of the Qwen run's labels at its 9 September 2026 checkpoint
7b5296a2f93598aee816b343781971c416ac86b1bfd378f028311ea5d97f8378,SC05453-01-028#8,SC05453-01-028#8,2026-09-10,spot review of the Qwen run's labels at its 9 September 2026 checkpoint
e563ecbae366629c258b3986af39797b73dbfc24d69d548005c69f4d728d6ead,SC05697-01-040#2,SC05697-01-040#1,2026-09-10,spot review of the Qwen run's labels at its 9 September 2026 checkpoint
2f7b84b179cfafb8466503a0bb088da6710638d77f9756226b8e2f8eb32a5736,SC06028-01-006#1,SC06028-01-006#1,2026-09-10,spot review of the Qwen run's labels at its 9 September 2026 checkpoint
72222859e72270e9c381cf45061365958fe10b5cfdf6eb632cdf4784c4deeefc,SC06434-01-030#6,SC06434-01-030#6,2026-09-10,spot review of the Qwen run's labels at its 9 September 2026 checkpoint
ce2d0281c48ee772271104d5ed7ceb27b7b1ba85cfcc2de462ddc07ee0e8d2e2,SC06771-01-004#1,SC06771-01-004#1,2026-09-10,spot review of the Qwen run's labels at its 9 September 2026 checkpoint
2ac5a9be084bfce0224029650c2c0edf160cdfbe44a2bbbae84573b9d63b7f4a,SC06778-01-011#3,SC06778-01-011#3,2026-09-10,spot review of the Qwen run's labels at its 9 September 2026 checkpoint
f8aa9459376406fc261b4f8a6f4621793bb23617aaaf20169c7a95549bbb14ab,SC06880-01-031#10,SC06880-01-031#10,2026-09-10,spot review of the Qwen run's labels at its 9 September 2026 checkpoint
